run_id,config,scenario,iter,variant,tp,fp,fn,tn,precision,recall,f1,fpr,n_windows,n_flagged,n_events
2026-05-18T155353-single-plc-baseline-i1,single-plc,baseline,1,iforest_multi,0,11,0,40,0.0,0.0,0.0,0.2157,51,11,0
2026-05-18T155353-single-plc-baseline-i1,single-plc,baseline,1,iforest_latency,0,11,0,40,0.0,0.0,0.0,0.2157,51,11,0
2026-05-18T155353-single-plc-baseline-i1,single-plc,baseline,1,iforest_availability,0,0,0,51,0.0,0.0,0.0,0.0,51,0,0
2026-05-18T155353-single-plc-baseline-i1,single-plc,baseline,1,iforest_integrity,0,0,0,51,0.0,0.0,0.0,0.0,51,0,0
2026-05-18T155353-single-plc-baseline-i1,single-plc,baseline,1,iforest_malformed,0,0,0,51,0.0,0.0,0.0,0.0,51,0,0
2026-05-18T155353-single-plc-baseline-i1,single-plc,baseline,1,lof_multi,0,0,0,51,0.0,0.0,0.0,0.0,51,0,0
2026-05-18T155830-single-plc-baseline-i2,single-plc,baseline,2,iforest_multi,0,15,0,35,0.0,0.0,0.0,0.3,50,15,0
2026-05-18T155830-single-plc-baseline-i2,single-plc,baseline,2,iforest_latency,0,13,0,37,0.0,0.0,0.0,0.26,50,13,0
2026-05-18T155830-single-plc-baseline-i2,single-plc,baseline,2,iforest_availability,0,0,0,50,0.0,0.0,0.0,0.0,50,0,0
2026-05-18T155830-single-plc-baseline-i2,single-plc,baseline,2,iforest_integrity,0,0,0,50,0.0,0.0,0.0,0.0,50,0,0
2026-05-18T155830-single-plc-baseline-i2,single-plc,baseline,2,iforest_malformed,0,0,0,50,0.0,0.0,0.0,0.0,50,0,0
2026-05-18T155830-single-plc-baseline-i2,single-plc,baseline,2,lof_multi,0,0,0,50,0.0,0.0,0.0,0.0,50,0,0
2026-05-18T160305-single-plc-baseline-i3,single-plc,baseline,3,iforest_multi,0,14,0,36,0.0,0.0,0.0,0.28,50,14,0
2026-05-18T160305-single-plc-baseline-i3,single-plc,baseline,3,iforest_latency,0,14,0,36,0.0,0.0,0.0,0.28,50,14,0
2026-05-18T160305-single-plc-baseline-i3,single-plc,baseline,3,iforest_availability,0,0,0,50,0.0,0.0,0.0,0.0,50,0,0
2026-05-18T160305-single-plc-baseline-i3,single-plc,baseline,3,iforest_integrity,0,0,0,50,0.0,0.0,0.0,0.0,50,0,0
2026-05-18T160305-single-plc-baseline-i3,single-plc,baseline,3,iforest_malformed,0,0,0,50,0.0,0.0,0.0,0.0,50,0,0
2026-05-18T160305-single-plc-baseline-i3,single-plc,baseline,3,lof_multi,0,0,0,50,0.0,0.0,0.0,0.0,50,0,0
2026-05-18T160740-single-plc-baseline-i4,single-plc,baseline,4,iforest_multi,0,8,0,43,0.0,0.0,0.0,0.1569,51,8,0
2026-05-18T160740-single-plc-baseline-i4,single-plc,baseline,4,iforest_latency,0,8,0,43,0.0,0.0,0.0,0.1569,51,8,0
2026-05-18T160740-single-plc-baseline-i4,single-plc,baseline,4,iforest_availability,0,0,0,51,0.0,0.0,0.0,0.0,51,0,0
2026-05-18T160740-single-plc-baseline-i4,single-plc,baseline,4,iforest_integrity,0,0,0,51,0.0,0.0,0.0,0.0,51,0,0
2026-05-18T160740-single-plc-baseline-i4,single-plc,baseline,4,iforest_malformed,0,0,0,51,0.0,0.0,0.0,0.0,51,0,0
2026-05-18T160740-single-plc-baseline-i4,single-plc,baseline,4,lof_multi,0,0,0,51,0.0,0.0,0.0,0.0,51,0,0
2026-05-18T161216-single-plc-baseline-i5,single-plc,baseline,5,iforest_multi,0,9,0,41,0.0,0.0,0.0,0.18,50,9,0
2026-05-18T161216-single-plc-baseline-i5,single-plc,baseline,5,iforest_latency,0,8,0,42,0.0,0.0,0.0,0.16,50,8,0
2026-05-18T161216-single-plc-baseline-i5,single-plc,baseline,5,iforest_availability,0,0,0,50,0.0,0.0,0.0,0.0,50,0,0
2026-05-18T161216-single-plc-baseline-i5,single-plc,baseline,5,iforest_integrity,0,0,0,50,0.0,0.0,0.0,0.0,50,0,0
2026-05-18T161216-single-plc-baseline-i5,single-plc,baseline,5,iforest_malformed,0,0,0,50,0.0,0.0,0.0,0.0,50,0,0
2026-05-18T161216-single-plc-baseline-i5,single-plc,baseline,5,lof_multi,0,0,0,50,0.0,0.0,0.0,0.0,50,0,0
2026-05-18T161652-single-plc-baseline-i6,single-plc,baseline,6,iforest_multi,0,28,0,22,0.0,0.0,0.0,0.56,50,28,0
2026-05-18T161652-single-plc-baseline-i6,single-plc,baseline,6,iforest_latency,0,28,0,22,0.0,0.0,0.0,0.56,50,28,0
2026-05-18T161652-single-plc-baseline-i6,single-plc,baseline,6,iforest_availability,0,0,0,50,0.0,0.0,0.0,0.0,50,0,0
2026-05-18T161652-single-plc-baseline-i6,single-plc,baseline,6,iforest_integrity,0,0,0,50,0.0,0.0,0.0,0.0,50,0,0
2026-05-18T161652-single-plc-baseline-i6,single-plc,baseline,6,iforest_malformed,0,0,0,50,0.0,0.0,0.0,0.0,50,0,0
2026-05-18T161652-single-plc-baseline-i6,single-plc,baseline,6,lof_multi,0,0,0,50,0.0,0.0,0.0,0.0,50,0,0
2026-05-18T162126-single-plc-baseline-i7,single-plc,baseline,7,iforest_multi,0,15,0,35,0.0,0.0,0.0,0.3,50,15,0
2026-05-18T162126-single-plc-baseline-i7,single-plc,baseline,7,iforest_latency,0,15,0,35,0.0,0.0,0.0,0.3,50,15,0
2026-05-18T162126-single-plc-baseline-i7,single-plc,baseline,7,iforest_availability,0,0,0,50,0.0,0.0,0.0,0.0,50,0,0
2026-05-18T162126-single-plc-baseline-i7,single-plc,baseline,7,iforest_integrity,0,0,0,50,0.0,0.0,0.0,0.0,50,0,0
2026-05-18T162126-single-plc-baseline-i7,single-plc,baseline,7,iforest_malformed,0,0,0,50,0.0,0.0,0.0,0.0,50,0,0
2026-05-18T162126-single-plc-baseline-i7,single-plc,baseline,7,lof_multi,0,0,0,50,0.0,0.0,0.0,0.0,50,0,0
2026-05-18T162603-single-plc-baseline-i8,single-plc,baseline,8,iforest_multi,0,19,0,31,0.0,0.0,0.0,0.38,50,19,0
2026-05-18T162603-single-plc-baseline-i8,single-plc,baseline,8,iforest_latency,0,23,0,27,0.0,0.0,0.0,0.46,50,23,0
2026-05-18T162603-single-plc-baseline-i8,single-plc,baseline,8,iforest_availability,0,0,0,50,0.0,0.0,0.0,0.0,50,0,0
2026-05-18T162603-single-plc-baseline-i8,single-plc,baseline,8,iforest_integrity,0,0,0,50,0.0,0.0,0.0,0.0,50,0,0
2026-05-18T162603-single-plc-baseline-i8,single-plc,baseline,8,iforest_malformed,0,0,0,50,0.0,0.0,0.0,0.0,50,0,0
2026-05-18T162603-single-plc-baseline-i8,single-plc,baseline,8,lof_multi,0,0,0,50,0.0,0.0,0.0,0.0,50,0,0
2026-05-18T163037-single-plc-baseline-i9,single-plc,baseline,9,iforest_multi,0,34,0,17,0.0,0.0,0.0,0.6667,51,34,0
2026-05-18T163037-single-plc-baseline-i9,single-plc,baseline,9,iforest_latency,0,34,0,17,0.0,0.0,0.0,0.6667,51,34,0
2026-05-18T163037-single-plc-baseline-i9,single-plc,baseline,9,iforest_availability,0,0,0,51,0.0,0.0,0.0,0.0,51,0,0
2026-05-18T163037-single-plc-baseline-i9,single-plc,baseline,9,iforest_integrity,0,0,0,51,0.0,0.0,0.0,0.0,51,0,0
2026-05-18T163037-single-plc-baseline-i9,single-plc,baseline,9,iforest_malformed,0,0,0,51,0.0,0.0,0.0,0.0,51,0,0
2026-05-18T163037-single-plc-baseline-i9,single-plc,baseline,9,lof_multi,0,0,0,51,0.0,0.0,0.0,0.0,51,0,0
2026-05-18T163513-single-plc-baseline-i10,single-plc,baseline,10,iforest_multi,0,12,0,39,0.0,0.0,0.0,0.2353,51,12,0
2026-05-18T163513-single-plc-baseline-i10,single-plc,baseline,10,iforest_latency,0,12,0,39,0.0,0.0,0.0,0.2353,51,12,0
2026-05-18T163513-single-plc-baseline-i10,single-plc,baseline,10,iforest_availability,0,0,0,51,0.0,0.0,0.0,0.0,51,0,0
2026-05-18T163513-single-plc-baseline-i10,single-plc,baseline,10,iforest_integrity,0,0,0,51,0.0,0.0,0.0,0.0,51,0,0
2026-05-18T163513-single-plc-baseline-i10,single-plc,baseline,10,iforest_malformed,0,0,0,51,0.0,0.0,0.0,0.0,51,0,0
2026-05-18T163513-single-plc-baseline-i10,single-plc,baseline,10,lof_multi,0,0,0,51,0.0,0.0,0.0,0.0,51,0,0
2026-05-18T163950-single-plc-malformed-i1,single-plc,malformed,1,iforest_multi,13,4,19,33,0.7647,0.4062,0.5306,0.1081,50,17,32
2026-05-18T163950-single-plc-malformed-i1,single-plc,malformed,1,iforest_latency,13,4,19,33,0.7647,0.4062,0.5306,0.1081,50,17,32
2026-05-18T163950-single-plc-malformed-i1,single-plc,malformed,1,iforest_availability,0,0,32,50,0.0,0.0,0.0,0.0,50,0,32
2026-05-18T163950-single-plc-malformed-i1,single-plc,malformed,1,iforest_integrity,0,0,32,50,0.0,0.0,0.0,0.0,50,0,32
2026-05-18T163950-single-plc-malformed-i1,single-plc,malformed,1,iforest_malformed,0,0,32,50,0.0,0.0,0.0,0.0,50,0,32
2026-05-18T163950-single-plc-malformed-i1,single-plc,malformed,1,lof_multi,27,5,5,18,0.8438,0.8438,0.8438,0.2174,50,32,32
2026-05-18T164432-single-plc-malformed-i2,single-plc,malformed,2,iforest_multi,29,9,3,12,0.7632,0.9062,0.8286,0.4286,50,38,32
2026-05-18T164432-single-plc-malformed-i2,single-plc,malformed,2,iforest_latency,9,5,23,36,0.6429,0.2812,0.3913,0.122,50,14,32
2026-05-18T164432-single-plc-malformed-i2,single-plc,malformed,2,iforest_availability,0,0,32,50,0.0,0.0,0.0,0.0,50,0,32
2026-05-18T164432-single-plc-malformed-i2,single-plc,malformed,2,iforest_integrity,29,7,3,14,0.8056,0.9062,0.8529,0.3333,50,36,32
2026-05-18T164432-single-plc-malformed-i2,single-plc,malformed,2,iforest_malformed,0,0,32,50,0.0,0.0,0.0,0.0,50,0,32
2026-05-18T164432-single-plc-malformed-i2,single-plc,malformed,2,lof_multi,28,7,4,15,0.8,0.875,0.8358,0.3182,50,35,32
2026-05-18T164910-single-plc-malformed-i3,single-plc,malformed,3,iforest_multi,27,7,5,17,0.7941,0.8438,0.8182,0.2917,51,34,32
2026-05-18T164910-single-plc-malformed-i3,single-plc,malformed,3,iforest_latency,10,2,22,39,0.8333,0.3125,0.4545,0.0488,51,12,32
2026-05-18T164910-single-plc-malformed-i3,single-plc,malformed,3,iforest_availability,0,0,32,51,0.0,0.0,0.0,0.0,51,0,32
2026-05-18T164910-single-plc-malformed-i3,single-plc,malformed,3,iforest_integrity,25,7,7,19,0.7812,0.7812,0.7812,0.2692,51,32,32
2026-05-18T164910-single-plc-malformed-i3,single-plc,malformed,3,iforest_malformed,0,0,32,51,0.0,0.0,0.0,0.0,51,0,32
2026-05-18T164910-single-plc-malformed-i3,single-plc,malformed,3,lof_multi,24,7,8,20,0.7742,0.75,0.7619,0.2593,51,31,32
2026-05-18T165352-single-plc-malformed-i4,single-plc,malformed,4,iforest_multi,30,7,2,14,0.8108,0.9375,0.8696,0.3333,51,37,32
2026-05-18T165352-single-plc-malformed-i4,single-plc,malformed,4,iforest_latency,12,3,20,36,0.8,0.375,0.5106,0.0769,51,15,32
2026-05-18T165352-single-plc-malformed-i4,single-plc,malformed,4,iforest_availability,0,0,32,51,0.0,0.0,0.0,0.0,51,0,32
2026-05-18T165352-single-plc-malformed-i4,single-plc,malformed,4,iforest_integrity,30,7,2,14,0.8108,0.9375,0.8696,0.3333,51,37,32
2026-05-18T165352-single-plc-malformed-i4,single-plc,malformed,4,iforest_malformed,0,0,32,51,0.0,0.0,0.0,0.0,51,0,32
2026-05-18T165352-single-plc-malformed-i4,single-plc,malformed,4,lof_multi,29,7,3,15,0.8056,0.9062,0.8529,0.3182,51,36,32
2026-05-18T165832-single-plc-malformed-i5,single-plc,malformed,5,iforest_multi,25,6,7,20,0.8065,0.7812,0.7937,0.2308,51,31,32
2026-05-18T165832-single-plc-malformed-i5,single-plc,malformed,5,iforest_latency,8,1,24,42,0.8889,0.25,0.3902,0.0233,51,9,32
2026-05-18T165832-single-plc-malformed-i5,single-plc,malformed,5,iforest_availability,0,0,32,51,0.0,0.0,0.0,0.0,51,0,32
2026-05-18T165832-single-plc-malformed-i5,single-plc,malformed,5,iforest_integrity,21,5,11,25,0.8077,0.6562,0.7241,0.1667,51,26,32
2026-05-18T165832-single-plc-malformed-i5,single-plc,malformed,5,iforest_malformed,0,0,32,51,0.0,0.0,0.0,0.0,51,0,32
2026-05-18T165832-single-plc-malformed-i5,single-plc,malformed,5,lof_multi,20,5,12,26,0.8,0.625,0.7018,0.1613,51,25,32
2026-05-18T170315-single-plc-malformed-i6,single-plc,malformed,6,iforest_multi,25,7,7,19,0.7812,0.7812,0.7812,0.2692,51,32,32
2026-05-18T170315-single-plc-malformed-i6,single-plc,malformed,6,iforest_latency,8,3,24,40,0.7273,0.25,0.3721,0.0698,51,11,32
2026-05-18T170315-single-plc-malformed-i6,single-plc,malformed,6,iforest_availability,0,0,32,51,0.0,0.0,0.0,0.0,51,0,32
2026-05-18T170315-single-plc-malformed-i6,single-plc,malformed,6,iforest_integrity,23,6,9,22,0.7931,0.7188,0.7541,0.2143,51,29,32
2026-05-18T170315-single-plc-malformed-i6,single-plc,malformed,6,iforest_malformed,0,0,32,51,0.0,0.0,0.0,0.0,51,0,32
2026-05-18T170315-single-plc-malformed-i6,single-plc,malformed,6,lof_multi,12,3,20,36,0.8,0.375,0.5106,0.0769,51,15,32
2026-05-18T170757-single-plc-malformed-i7,single-plc,malformed,7,iforest_multi,24,7,8,19,0.7742,0.75,0.7619,0.2692,50,31,32
2026-05-18T170757-single-plc-malformed-i7,single-plc,malformed,7,iforest_latency,10,4,22,36,0.7143,0.3125,0.4348,0.1,50,14,32
2026-05-18T170757-single-plc-malformed-i7,single-plc,malformed,7,iforest_availability,0,0,32,50,0.0,0.0,0.0,0.0,50,0,32
2026-05-18T170757-single-plc-malformed-i7,single-plc,malformed,7,iforest_integrity,23,5,9,22,0.8214,0.7188,0.7667,0.1852,50,28,32
2026-05-18T170757-single-plc-malformed-i7,single-plc,malformed,7,iforest_malformed,0,0,32,50,0.0,0.0,0.0,0.0,50,0,32
2026-05-18T170757-single-plc-malformed-i7,single-plc,malformed,7,lof_multi,11,0,21,39,1.0,0.3438,0.5116,0.0,50,11,32
2026-05-18T171237-single-plc-malformed-i8,single-plc,malformed,8,iforest_multi,24,4,8,22,0.8571,0.75,0.8,0.1538,50,28,32
2026-05-18T171237-single-plc-malformed-i8,single-plc,malformed,8,iforest_latency,15,2,17,33,0.8824,0.4688,0.6122,0.0571,50,17,32
2026-05-18T171237-single-plc-malformed-i8,single-plc,malformed,8,iforest_availability,0,0,32,50,0.0,0.0,0.0,0.0,50,0,32
2026-05-18T171237-single-plc-malformed-i8,single-plc,malformed,8,iforest_integrity,20,3,12,27,0.8696,0.625,0.7273,0.1,50,23,32
2026-05-18T171237-single-plc-malformed-i8,single-plc,malformed,8,iforest_malformed,0,0,32,50,0.0,0.0,0.0,0.0,50,0,32
2026-05-18T171237-single-plc-malformed-i8,single-plc,malformed,8,lof_multi,9,1,23,40,0.9,0.2812,0.4286,0.0244,50,10,32
2026-05-18T171719-single-plc-malformed-i9,single-plc,malformed,9,iforest_multi,28,7,4,16,0.8,0.875,0.8358,0.3043,51,35,32
2026-05-18T171719-single-plc-malformed-i9,single-plc,malformed,9,iforest_latency,8,2,24,41,0.8,0.25,0.381,0.0465,51,10,32
2026-05-18T171719-single-plc-malformed-i9,single-plc,malformed,9,iforest_availability,0,0,32,51,0.0,0.0,0.0,0.0,51,0,32
2026-05-18T171719-single-plc-malformed-i9,single-plc,malformed,9,iforest_integrity,27,7,5,17,0.7941,0.8438,0.8182,0.2917,51,34,32
2026-05-18T171719-single-plc-malformed-i9,single-plc,malformed,9,iforest_malformed,0,0,32,51,0.0,0.0,0.0,0.0,51,0,32
2026-05-18T171719-single-plc-malformed-i9,single-plc,malformed,9,lof_multi,13,1,19,37,0.9286,0.4062,0.5652,0.0263,51,14,32
2026-05-18T172202-single-plc-malformed-i10,single-plc,malformed,10,iforest_multi,31,5,1,14,0.8611,0.9688,0.9118,0.2632,50,36,32
2026-05-18T172202-single-plc-malformed-i10,single-plc,malformed,10,iforest_latency,22,4,10,24,0.8462,0.6875,0.7586,0.1429,50,26,32
2026-05-18T172202-single-plc-malformed-i10,single-plc,malformed,10,iforest_availability,0,0,32,50,0.0,0.0,0.0,0.0,50,0,32
2026-05-18T172202-single-plc-malformed-i10,single-plc,malformed,10,iforest_integrity,31,4,1,15,0.8857,0.9688,0.9254,0.2105,50,35,32
2026-05-18T172202-single-plc-malformed-i10,single-plc,malformed,10,iforest_malformed,0,0,32,50,0.0,0.0,0.0,0.0,50,0,32
2026-05-18T172202-single-plc-malformed-i10,single-plc,malformed,10,lof_multi,14,2,18,34,0.875,0.4375,0.5833,0.0556,50,16,32
2026-05-18T172644-single-plc-mutate-i1,single-plc,mutate,1,iforest_multi,0,0,2,17,0.0,0.0,0.0,0.0,17,0,2
2026-05-18T172644-single-plc-mutate-i1,single-plc,mutate,1,iforest_latency,0,2,2,15,0.0,0.0,0.0,0.1176,17,2,2
2026-05-18T172644-single-plc-mutate-i1,single-plc,mutate,1,iforest_availability,0,0,2,17,0.0,0.0,0.0,0.0,17,0,2
2026-05-18T172644-single-plc-mutate-i1,single-plc,mutate,1,iforest_integrity,0,0,2,17,0.0,0.0,0.0,0.0,17,0,2
2026-05-18T172644-single-plc-mutate-i1,single-plc,mutate,1,iforest_malformed,0,0,2,17,0.0,0.0,0.0,0.0,17,0,2
2026-05-18T172644-single-plc-mutate-i1,single-plc,mutate,1,lof_multi,0,0,2,17,0.0,0.0,0.0,0.0,17,0,2
2026-05-18T173141-single-plc-mutate-i2,single-plc,mutate,2,iforest_multi,0,2,2,14,0.0,0.0,0.0,0.125,16,2,2
2026-05-18T173141-single-plc-mutate-i2,single-plc,mutate,2,iforest_latency,0,2,2,14,0.0,0.0,0.0,0.125,16,2,2
2026-05-18T173141-single-plc-mutate-i2,single-plc,mutate,2,iforest_availability,0,0,2,16,0.0,0.0,0.0,0.0,16,0,2
2026-05-18T173141-single-plc-mutate-i2,single-plc,mutate,2,iforest_integrity,0,0,2,16,0.0,0.0,0.0,0.0,16,0,2
2026-05-18T173141-single-plc-mutate-i2,single-plc,mutate,2,iforest_malformed,0,0,2,16,0.0,0.0,0.0,0.0,16,0,2
2026-05-18T173141-single-plc-mutate-i2,single-plc,mutate,2,lof_multi,0,0,2,16,0.0,0.0,0.0,0.0,16,0,2
2026-05-18T173635-single-plc-mutate-i3,single-plc,mutate,3,iforest_multi,0,2,2,14,0.0,0.0,0.0,0.125,16,2,2
2026-05-18T173635-single-plc-mutate-i3,single-plc,mutate,3,iforest_latency,0,2,2,14,0.0,0.0,0.0,0.125,16,2,2
2026-05-18T173635-single-plc-mutate-i3,single-plc,mutate,3,iforest_availability,0,0,2,16,0.0,0.0,0.0,0.0,16,0,2
2026-05-18T173635-single-plc-mutate-i3,single-plc,mutate,3,iforest_integrity,0,0,2,16,0.0,0.0,0.0,0.0,16,0,2
2026-05-18T173635-single-plc-mutate-i3,single-plc,mutate,3,iforest_malformed,0,0,2,16,0.0,0.0,0.0,0.0,16,0,2
2026-05-18T173635-single-plc-mutate-i3,single-plc,mutate,3,lof_multi,0,0,2,16,0.0,0.0,0.0,0.0,16,0,2
2026-05-18T174128-single-plc-mutate-i4,single-plc,mutate,4,iforest_multi,0,0,2,17,0.0,0.0,0.0,0.0,17,0,2
2026-05-18T174128-single-plc-mutate-i4,single-plc,mutate,4,iforest_latency,0,0,2,17,0.0,0.0,0.0,0.0,17,0,2
2026-05-18T174128-single-plc-mutate-i4,single-plc,mutate,4,iforest_availability,0,0,2,17,0.0,0.0,0.0,0.0,17,0,2
2026-05-18T174128-single-plc-mutate-i4,single-plc,mutate,4,iforest_integrity,0,0,2,17,0.0,0.0,0.0,0.0,17,0,2
2026-05-18T174128-single-plc-mutate-i4,single-plc,mutate,4,iforest_malformed,0,0,2,17,0.0,0.0,0.0,0.0,17,0,2
2026-05-18T174128-single-plc-mutate-i4,single-plc,mutate,4,lof_multi,0,0,2,17,0.0,0.0,0.0,0.0,17,0,2
2026-05-18T174624-single-plc-mutate-i5,single-plc,mutate,5,iforest_multi,1,0,1,16,1.0,0.5,0.6667,0.0,17,1,2
2026-05-18T174624-single-plc-mutate-i5,single-plc,mutate,5,iforest_latency,1,0,1,16,1.0,0.5,0.6667,0.0,17,1,2
2026-05-18T174624-single-plc-mutate-i5,single-plc,mutate,5,iforest_availability,0,0,2,17,0.0,0.0,0.0,0.0,17,0,2
2026-05-18T174624-single-plc-mutate-i5,single-plc,mutate,5,iforest_integrity,0,0,2,17,0.0,0.0,0.0,0.0,17,0,2
2026-05-18T174624-single-plc-mutate-i5,single-plc,mutate,5,iforest_malformed,0,0,2,17,0.0,0.0,0.0,0.0,17,0,2
2026-05-18T174624-single-plc-mutate-i5,single-plc,mutate,5,lof_multi,0,0,2,17,0.0,0.0,0.0,0.0,17,0,2
2026-05-18T175119-single-plc-mutate-i6,single-plc,mutate,6,iforest_multi,0,0,2,17,0.0,0.0,0.0,0.0,17,0,2
2026-05-18T175119-single-plc-mutate-i6,single-plc,mutate,6,iforest_latency,0,0,2,17,0.0,0.0,0.0,0.0,17,0,2
2026-05-18T175119-single-plc-mutate-i6,single-plc,mutate,6,iforest_availability,0,0,2,17,0.0,0.0,0.0,0.0,17,0,2
2026-05-18T175119-single-plc-mutate-i6,single-plc,mutate,6,iforest_integrity,0,0,2,17,0.0,0.0,0.0,0.0,17,0,2
2026-05-18T175119-single-plc-mutate-i6,single-plc,mutate,6,iforest_malformed,0,0,2,17,0.0,0.0,0.0,0.0,17,0,2
2026-05-18T175119-single-plc-mutate-i6,single-plc,mutate,6,lof_multi,0,0,2,17,0.0,0.0,0.0,0.0,17,0,2
2026-05-18T175618-single-plc-mutate-i7,single-plc,mutate,7,iforest_multi,1,1,1,15,0.5,0.5,0.5,0.0625,17,2,2
2026-05-18T175618-single-plc-mutate-i7,single-plc,mutate,7,iforest_latency,1,1,1,15,0.5,0.5,0.5,0.0625,17,2,2
2026-05-18T175618-single-plc-mutate-i7,single-plc,mutate,7,iforest_availability,0,0,2,17,0.0,0.0,0.0,0.0,17,0,2
2026-05-18T175618-single-plc-mutate-i7,single-plc,mutate,7,iforest_integrity,0,0,2,17,0.0,0.0,0.0,0.0,17,0,2
2026-05-18T175618-single-plc-mutate-i7,single-plc,mutate,7,iforest_malformed,0,0,2,17,0.0,0.0,0.0,0.0,17,0,2
2026-05-18T175618-single-plc-mutate-i7,single-plc,mutate,7,lof_multi,0,0,2,17,0.0,0.0,0.0,0.0,17,0,2
2026-05-18T180113-single-plc-mutate-i8,single-plc,mutate,8,iforest_multi,2,1,0,14,0.6667,1.0,0.8,0.0667,17,3,2
2026-05-18T180113-single-plc-mutate-i8,single-plc,mutate,8,iforest_latency,2,1,0,14,0.6667,1.0,0.8,0.0667,17,3,2
2026-05-18T180113-single-plc-mutate-i8,single-plc,mutate,8,iforest_availability,0,0,2,17,0.0,0.0,0.0,0.0,17,0,2
2026-05-18T180113-single-plc-mutate-i8,single-plc,mutate,8,iforest_integrity,0,0,2,17,0.0,0.0,0.0,0.0,17,0,2
2026-05-18T180113-single-plc-mutate-i8,single-plc,mutate,8,iforest_malformed,0,0,2,17,0.0,0.0,0.0,0.0,17,0,2
2026-05-18T180113-single-plc-mutate-i8,single-plc,mutate,8,lof_multi,0,0,2,17,0.0,0.0,0.0,0.0,17,0,2
2026-05-18T180608-single-plc-mutate-i9,single-plc,mutate,9,iforest_multi,1,2,1,13,0.3333,0.5,0.4,0.1333,16,3,2
2026-05-18T180608-single-plc-mutate-i9,single-plc,mutate,9,iforest_latency,1,2,1,13,0.3333,0.5,0.4,0.1333,16,3,2
2026-05-18T180608-single-plc-mutate-i9,single-plc,mutate,9,iforest_availability,0,0,2,16,0.0,0.0,0.0,0.0,16,0,2
2026-05-18T180608-single-plc-mutate-i9,single-plc,mutate,9,iforest_integrity,0,0,2,16,0.0,0.0,0.0,0.0,16,0,2
2026-05-18T180608-single-plc-mutate-i9,single-plc,mutate,9,iforest_malformed,0,0,2,16,0.0,0.0,0.0,0.0,16,0,2
2026-05-18T180608-single-plc-mutate-i9,single-plc,mutate,9,lof_multi,0,0,2,16,0.0,0.0,0.0,0.0,16,0,2
2026-05-18T181102-single-plc-mutate-i10,single-plc,mutate,10,iforest_multi,1,0,1,16,1.0,0.5,0.6667,0.0,17,1,2
2026-05-18T181102-single-plc-mutate-i10,single-plc,mutate,10,iforest_latency,1,0,1,16,1.0,0.5,0.6667,0.0,17,1,2
2026-05-18T181102-single-plc-mutate-i10,single-plc,mutate,10,iforest_availability,0,0,2,17,0.0,0.0,0.0,0.0,17,0,2
2026-05-18T181102-single-plc-mutate-i10,single-plc,mutate,10,iforest_integrity,0,0,2,17,0.0,0.0,0.0,0.0,17,0,2
2026-05-18T181102-single-plc-mutate-i10,single-plc,mutate,10,iforest_malformed,0,0,2,17,0.0,0.0,0.0,0.0,17,0,2
2026-05-18T181102-single-plc-mutate-i10,single-plc,mutate,10,lof_multi,0,0,2,17,0.0,0.0,0.0,0.0,17,0,2
2026-05-18T185230-single-plc-replay-i1,single-plc,replay,1,iforest_multi,2,6,5,26,0.25,0.2857,0.2667,0.1875,34,8,7
2026-05-18T185230-single-plc-replay-i1,single-plc,replay,1,iforest_latency,2,9,5,23,0.1818,0.2857,0.2222,0.2812,34,11,7
2026-05-18T185230-single-plc-replay-i1,single-plc,replay,1,iforest_availability,0,0,7,34,0.0,0.0,0.0,0.0,34,0,7
2026-05-18T185230-single-plc-replay-i1,single-plc,replay,1,iforest_integrity,1,1,6,32,0.5,0.1429,0.2222,0.0303,34,2,7
2026-05-18T185230-single-plc-replay-i1,single-plc,replay,1,iforest_malformed,0,0,7,34,0.0,0.0,0.0,0.0,34,0,7
2026-05-18T185230-single-plc-replay-i1,single-plc,replay,1,lof_multi,1,1,6,32,0.5,0.1429,0.2222,0.0303,34,2,7
2026-05-18T185557-single-plc-replay-i2,single-plc,replay,2,iforest_multi,2,3,5,29,0.4,0.2857,0.3333,0.0938,34,5,7
2026-05-18T185557-single-plc-replay-i2,single-plc,replay,2,iforest_latency,1,2,6,31,0.3333,0.1429,0.2,0.0606,34,3,7
2026-05-18T185557-single-plc-replay-i2,single-plc,replay,2,iforest_availability,0,0,7,34,0.0,0.0,0.0,0.0,34,0,7
2026-05-18T185557-single-plc-replay-i2,single-plc,replay,2,iforest_integrity,1,1,6,32,0.5,0.1429,0.2222,0.0303,34,2,7
2026-05-18T185557-single-plc-replay-i2,single-plc,replay,2,iforest_malformed,0,0,7,34,0.0,0.0,0.0,0.0,34,0,7
2026-05-18T185557-single-plc-replay-i2,single-plc,replay,2,lof_multi,1,1,6,32,0.5,0.1429,0.2222,0.0303,34,2,7
2026-05-18T185924-single-plc-replay-i3,single-plc,replay,3,iforest_multi,2,9,5,23,0.1818,0.2857,0.2222,0.2812,34,11,7
2026-05-18T185924-single-plc-replay-i3,single-plc,replay,3,iforest_latency,1,8,6,25,0.1111,0.1429,0.125,0.2424,34,9,7
2026-05-18T185924-single-plc-replay-i3,single-plc,replay,3,iforest_availability,0,0,7,34,0.0,0.0,0.0,0.0,34,0,7
2026-05-18T185924-single-plc-replay-i3,single-plc,replay,3,iforest_integrity,1,1,6,32,0.5,0.1429,0.2222,0.0303,34,2,7
2026-05-18T185924-single-plc-replay-i3,single-plc,replay,3,iforest_malformed,0,0,7,34,0.0,0.0,0.0,0.0,34,0,7
2026-05-18T185924-single-plc-replay-i3,single-plc,replay,3,lof_multi,1,1,6,32,0.5,0.1429,0.2222,0.0303,34,2,7
2026-05-18T190251-single-plc-replay-i4,single-plc,replay,4,iforest_multi,2,8,5,24,0.2,0.2857,0.2353,0.25,34,10,7
2026-05-18T190251-single-plc-replay-i4,single-plc,replay,4,iforest_latency,1,8,6,25,0.1111,0.1429,0.125,0.2424,34,9,7
2026-05-18T190251-single-plc-replay-i4,single-plc,replay,4,iforest_availability,0,0,7,34,0.0,0.0,0.0,0.0,34,0,7
2026-05-18T190251-single-plc-replay-i4,single-plc,replay,4,iforest_integrity,1,1,6,32,0.5,0.1429,0.2222,0.0303,34,2,7
2026-05-18T190251-single-plc-replay-i4,single-plc,replay,4,iforest_malformed,0,0,7,34,0.0,0.0,0.0,0.0,34,0,7
2026-05-18T190251-single-plc-replay-i4,single-plc,replay,4,lof_multi,1,1,6,32,0.5,0.1429,0.2222,0.0303,34,2,7
2026-05-18T190619-single-plc-replay-i5,single-plc,replay,5,iforest_multi,2,7,5,25,0.2222,0.2857,0.25,0.2188,34,9,7
2026-05-18T190619-single-plc-replay-i5,single-plc,replay,5,iforest_latency,1,6,6,27,0.1429,0.1429,0.1429,0.1818,34,7,7
2026-05-18T190619-single-plc-replay-i5,single-plc,replay,5,iforest_availability,0,0,7,34,0.0,0.0,0.0,0.0,34,0,7
2026-05-18T190619-single-plc-replay-i5,single-plc,replay,5,iforest_integrity,1,1,6,32,0.5,0.1429,0.2222,0.0303,34,2,7
2026-05-18T190619-single-plc-replay-i5,single-plc,replay,5,iforest_malformed,0,0,7,34,0.0,0.0,0.0,0.0,34,0,7
2026-05-18T190619-single-plc-replay-i5,single-plc,replay,5,lof_multi,1,1,6,32,0.5,0.1429,0.2222,0.0303,34,2,7
2026-05-18T190947-single-plc-replay-i6,single-plc,replay,6,iforest_multi,2,7,5,25,0.2222,0.2857,0.25,0.2188,34,9,7
2026-05-18T190947-single-plc-replay-i6,single-plc,replay,6,iforest_latency,2,7,5,25,0.2222,0.2857,0.25,0.2188,34,9,7
2026-05-18T190947-single-plc-replay-i6,single-plc,replay,6,iforest_availability,0,0,7,34,0.0,0.0,0.0,0.0,34,0,7
2026-05-18T190947-single-plc-replay-i6,single-plc,replay,6,iforest_integrity,1,1,6,32,0.5,0.1429,0.2222,0.0303,34,2,7
2026-05-18T190947-single-plc-replay-i6,single-plc,replay,6,iforest_malformed,0,0,7,34,0.0,0.0,0.0,0.0,34,0,7
2026-05-18T190947-single-plc-replay-i6,single-plc,replay,6,lof_multi,1,1,6,32,0.5,0.1429,0.2222,0.0303,34,2,7
2026-05-18T191314-single-plc-replay-i7,single-plc,replay,7,iforest_multi,2,8,5,24,0.2,0.2857,0.2353,0.25,34,10,7
2026-05-18T191314-single-plc-replay-i7,single-plc,replay,7,iforest_latency,2,8,5,24,0.2,0.2857,0.2353,0.25,34,10,7
2026-05-18T191314-single-plc-replay-i7,single-plc,replay,7,iforest_availability,0,0,7,34,0.0,0.0,0.0,0.0,34,0,7
2026-05-18T191314-single-plc-replay-i7,single-plc,replay,7,iforest_integrity,1,1,6,32,0.5,0.1429,0.2222,0.0303,34,2,7
2026-05-18T191314-single-plc-replay-i7,single-plc,replay,7,iforest_malformed,0,0,7,34,0.0,0.0,0.0,0.0,34,0,7
2026-05-18T191314-single-plc-replay-i7,single-plc,replay,7,lof_multi,1,1,6,32,0.5,0.1429,0.2222,0.0303,34,2,7
2026-05-18T191643-single-plc-replay-i8,single-plc,replay,8,iforest_multi,2,7,5,24,0.2222,0.2857,0.25,0.2258,33,9,7
2026-05-18T191643-single-plc-replay-i8,single-plc,replay,8,iforest_latency,1,6,6,26,0.1429,0.1429,0.1429,0.1875,33,7,7
2026-05-18T191643-single-plc-replay-i8,single-plc,replay,8,iforest_availability,0,0,7,33,0.0,0.0,0.0,0.0,33,0,7
2026-05-18T191643-single-plc-replay-i8,single-plc,replay,8,iforest_integrity,1,1,6,31,0.5,0.1429,0.2222,0.0312,33,2,7
2026-05-18T191643-single-plc-replay-i8,single-plc,replay,8,iforest_malformed,0,0,7,33,0.0,0.0,0.0,0.0,33,0,7
2026-05-18T191643-single-plc-replay-i8,single-plc,replay,8,lof_multi,1,0,6,32,1.0,0.1429,0.25,0.0,33,1,7
2026-05-18T192010-single-plc-replay-i9,single-plc,replay,9,iforest_multi,2,7,5,24,0.2222,0.2857,0.25,0.2258,33,9,7
2026-05-18T192010-single-plc-replay-i9,single-plc,replay,9,iforest_latency,3,7,4,23,0.3,0.4286,0.3529,0.2333,33,10,7
2026-05-18T192010-single-plc-replay-i9,single-plc,replay,9,iforest_availability,0,0,7,33,0.0,0.0,0.0,0.0,33,0,7
2026-05-18T192010-single-plc-replay-i9,single-plc,replay,9,iforest_integrity,1,1,6,31,0.5,0.1429,0.2222,0.0312,33,2,7
2026-05-18T192010-single-plc-replay-i9,single-plc,replay,9,iforest_malformed,0,0,7,33,0.0,0.0,0.0,0.0,33,0,7
2026-05-18T192010-single-plc-replay-i9,single-plc,replay,9,lof_multi,1,0,6,32,1.0,0.1429,0.25,0.0,33,1,7
2026-05-18T192338-single-plc-replay-i10,single-plc,replay,10,iforest_multi,2,7,5,24,0.2222,0.2857,0.25,0.2258,33,9,7
2026-05-18T192338-single-plc-replay-i10,single-plc,replay,10,iforest_latency,1,6,6,26,0.1429,0.1429,0.1429,0.1875,33,7,7
2026-05-18T192338-single-plc-replay-i10,single-plc,replay,10,iforest_availability,0,0,7,33,0.0,0.0,0.0,0.0,33,0,7
2026-05-18T192338-single-plc-replay-i10,single-plc,replay,10,iforest_integrity,1,1,6,31,0.5,0.1429,0.2222,0.0312,33,2,7
2026-05-18T192338-single-plc-replay-i10,single-plc,replay,10,iforest_malformed,0,0,7,33,0.0,0.0,0.0,0.0,33,0,7
2026-05-18T192338-single-plc-replay-i10,single-plc,replay,10,lof_multi,1,0,6,32,1.0,0.1429,0.25,0.0,33,1,7
